Time,V1,V2,V3,V4,V5,V6,V7,V8,V9,V10,Amount,Class
0,-1.359807134,1.191857111,1.379620321,0.0,-0.33832077,0.462387778,0.239598554,0.098697901,0.36378697,0.090794172,149.62,0
0,1.191857111,0.266150712,0.166480113,0.448154078,0.060017649,-0.082360809,-0.078802983,0.085101654,-0.255425128,-0.166974414,2.69,0
1,-1.358354062,-1.340163075,1.773209343,0.379779593,-0.503198133,1.800499381,0.791460956,0.247675787,-1.514654323,0.207642865,378.66,0
1,-0.966271712,-0.185226008,1.79299334,-0.863291275,-0.010308879,1.247203168,0.23760894,0.377435875,-1.387024063,-0.054951922,123.5,0
2,-1.158233093,0.877736755,1.548717847,0.403033934,-0.407193377,0.095921462,0.592940745,-0.270532677,0.817739308,0.753074432,69.99,0
3,-2.312226542,1.951992011,-1.609850732,3.997905588,-0.522187865,-1.426545319,-2.537387306,1.391657248,-2.770089277,-2.772272145,0.00,1